{"geometry": "01d9d0cb0003000000000064000000640000071b000003ab00000064000000640000071b000003ab0000000000000000078000000064000000640000071b000003ab", "image": [["C:/Users/lhe97136/OneDrive - Science and Technology Facilities Council/Documents/Tomography/DVC_release/Converted_Images/frame_000_f.npy"], ["C:/Users/lhe97136/OneDrive - Science and Technology Facilities Council/Documents/Tomography/DVC_release/Converted_Images/frame_010_f.npy"]], "image_copied": [false, false], "image_orientation": 2, "current_slice": 315, "dvc_input_image": [["C:/Users/lhe97136/OneDrive - Science and Technology Facilities Council/Documents/Tomography/DVC_release/Converted_Images/frame_000_f.npy"], ["C:/Users/lhe97136/OneDrive - Science and Technology Facilities Council/Documents/Tomography/DVC_release/Converted_Images/frame_010_f.npy"]], "roi_file": "latest_pointcloud.roi", "roi_ext": false, "mask_details": {"current": [2, 315]}, "mask_file": "Masks/latest_selection.mha", "mask_ext": true, "pointCloud_details": {"latest_pointcloud.roi": [40, [0.2, 0.2, 0.2], [0.0, 0.0, 0.0], "cube"]}, "pointcloud_loaded": true, "reg_translation": null, "point0": [155, 120, 315], "reg_sel": false, "reg_sel_size": 10, "pc_subvol_rad": "20", "pc_subvol_shape": 0, "pc_dim": 1, "pc_overlapx": 0.2, "pc_overlapy": 0.2, "pc_overlapz": 0.2, "pc_rotx": "0.00", "pc_roty": "0.00", "pc_rotz": "0.00", "datetime": "03-07-2020-13-51"}